TS,Mercato,25percentile,50percentile,75percentile
1636329600000,FR,-0.23942957926147243,-0.05236552965305983,0.017554079826012887
1636329600000,NL,-0.304687417369759,-0.012893701785488295,0.07551430930959377
1636416000000,NL,-0.23860644105624246,0.007209596217382455,0.10895778284282466
1636416000000,FR,-0.2281055956838717,-0.025985050710464565,0.13711927217710934
1636502400000,FR,-0.24448781762128566,-0.003706134952515726,0.2598411935717121
1636502400000,NL,-0.33382041314220406,-0.044694351558339396,0.07926591832928068
1636588800000,FR,-0.1889950900318489,-0.010413300307963627,0.1747319963543668
1636588800000,NL,-0.11411745544159116,0.015481984590339934,0.2876263988406922
