TS,ID,Delta1
RMS.FR,6.5,1636329600000
TEP.FR,5.100000000000023,1636329600000
ODET.FR,5.0,1636329600000
KER.FR,4.600000000000023,1636329600000
GNE.FR,3.8700000000000045,1636329600000
HOLCO.NL,-2.5,1636329600000
VETO.FR,-4.599999999999994,1636329600000
BUR.FR,-6.0,1636329600000
MC.FR,-7.5,1636329600000
ADYEN.NL,-18.0,1636329600000
